fips,unemp
05035," $42,384 "
28143," $34,485 "
47157," $52,092 "
28137," $55,738 "
47167," $62,474 "
47047," $63,618 "
28093," $43,411 "
28033," $69,990 "
01001," $40,000 "
01003," $40,000 "
01005," $40,000 "
01007," $40,000 "
01009," $40,000 "
01011," $40,000 "
01013," $40,000 "
01015," $40,000 "
01017," $40,000 "
01019," $40,000 "
01021," $40,000 "
01023," $40,000 "
01025," $40,000 "
01027," $40,000 "
01029," $40,000 "
01031," $40,000 "
01033," $40,000 "
01035," $40,000 "
01037," $40,000 "
01039," $40,000 "
01041," $40,000 "
01043," $40,000 "
01045," $40,000 "
01047," $40,000 "
01049," $40,000 "
01051," $40,000 "
01053," $40,000 "
01055," $40,000 "
01057," $40,000 "
01059," $40,000 "
01061," $40,000 "
01063," $40,000 "
01065," $40,000 "
01067," $40,000 "
01069," $40,000 "
01071," $40,000 "
01073," $40,000 "
01075," $40,000 "
01077," $40,000 "
01079," $40,000 "
01081," $40,000 "
01083," $40,000 "
01085," $40,000 "
01087," $40,000 "
01089," $40,000 "
01091," $40,000 "
01093," $40,000 "
01095," $40,000 "
01097," $40,000 "
01099," $40,000 "
01101," $40,000 "
01103," $40,000 "
01105," $40,000 "
01107," $40,000 "
01109," $40,000 "
01111," $40,000 "
01113," $40,000 "
01115," $40,000 "
01117," $40,000 "
01119," $40,000 "
01121," $40,000 "
01123," $40,000 "
01125," $40,000 "
01127," $40,000 "
01129," $40,000 "
01131," $40,000 "
01133," $40,000 "
02013," $40,000 "
02016," $40,000 "
02020," $40,000 "
02050," $40,000 "
02060," $40,000 "
02068," $40,000 "
02070," $40,000 "
02090," $40,000 "
02100," $40,000 "
02105," $40,000 "
02110," $40,000 "
02122," $40,000 "
02130," $40,000 "
02150," $40,000 "
02158," $40,000 "
02164," $40,000 "
02170," $40,000 "
02180," $40,000 "
02185," $40,000 "
02188," $40,000 "
02195," $40,000 "
02198," $40,000 "
02220," $40,000 "
02230," $40,000 "
02240," $40,000 "
02261," $40,000 "
02275," $40,000 "
02282," $40,000 "
02290," $40,000 "
04001," $40,000 "
04003," $40,000 "
04005," $40,000 "
04007," $40,000 "
04009," $40,000 "
04011," $40,000 "
04012," $40,000 "
04013," $40,000 "
04015," $40,000 "
04017," $40,000 "
04019," $40,000 "
04021," $40,000 "
04023," $40,000 "
04025," $40,000 "
04027," $40,000 "
05001," $40,000 "
05003," $40,000 "
05005," $40,000 "
05007," $40,000 "
05009," $40,000 "
05011," $40,000 "
05013," $40,000 "
05015," $40,000 "
05017," $40,000 "
05019," $40,000 "
05021," $40,000 "
05023," $40,000 "
05025," $40,000 "
05027," $40,000 "
05029," $40,000 "
05031," $40,000 "
05033," $40,000 "
05037," $40,000 "
05039," $40,000 "
05041," $40,000 "
05043," $40,000 "
05045," $40,000 "
05047," $40,000 "
05049," $40,000 "
05051," $40,000 "
05053," $40,000 "
05055," $40,000 "
05057," $40,000 "
05059," $40,000 "
05061," $40,000 "
05063," $40,000 "
05065," $40,000 "
05067," $40,000 "
05069," $40,000 "
05071," $40,000 "
05073," $40,000 "
05075," $40,000 "
05077," $40,000 "
05079," $40,000 "
05081," $40,000 "
05083," $40,000 "
05085," $40,000 "
05087," $40,000 "
05089," $40,000 "
05091," $40,000 "
05093," $40,000 "
05095," $40,000 "
05097," $40,000 "
05099," $40,000 "
05101," $40,000 "
05103," $40,000 "
05105," $40,000 "
05107," $40,000 "
05109," $40,000 "
05111," $40,000 "
05113," $40,000 "
05115," $40,000 "
05117," $40,000 "
05119," $40,000 "
05121," $40,000 "
05123," $40,000 "
05125," $40,000 "
05127," $40,000 "
05129," $40,000 "
05131," $40,000 "
05133," $40,000 "
05135," $40,000 "
05137," $40,000 "
05139," $40,000 "
05141," $40,000 "
05143," $40,000 "
05145," $40,000 "
05147," $40,000 "
05149," $40,000 "
06001," $40,000 "
06003," $40,000 "
06005," $40,000 "
06007," $40,000 "
06009," $40,000 "
06011," $40,000 "
06013," $40,000 "
06015," $40,000 "
06017," $40,000 "
06019," $40,000 "
06021," $40,000 "
06023," $40,000 "
06025," $40,000 "
06027," $40,000 "
06029," $40,000 "
06031," $40,000 "
06033," $40,000 "
06035," $40,000 "
06037," $40,000 "
06039," $40,000 "
06041," $40,000 "
06043," $40,000 "
06045," $40,000 "
06047," $40,000 "
06049," $40,000 "
06051," $40,000 "
06053," $40,000 "
06055," $40,000 "
06057," $40,000 "
06059," $40,000 "
06061," $40,000 "
06063," $40,000 "
06065," $40,000 "
06067," $40,000 "
06069," $40,000 "
06071," $40,000 "
06073," $40,000 "
06075," $40,000 "
06077," $40,000 "
06079," $40,000 "
06081," $40,000 "
06083," $40,000 "
06085," $40,000 "
06087," $40,000 "
06089," $40,000 "
06091," $40,000 "
06093," $40,000 "
06095," $40,000 "
06097," $40,000 "
06099," $40,000 "
06101," $40,000 "
06103," $40,000 "
06105," $40,000 "
06107," $40,000 "
06109," $40,000 "
06111," $40,000 "
06113," $40,000 "
06115," $40,000 "
08001," $40,000 "
08003," $40,000 "
08005," $40,000 "
08007," $40,000 "
08009," $40,000 "
08011," $40,000 "
08013," $40,000 "
08014," $40,000 "
08015," $40,000 "
08017," $40,000 "
08019," $40,000 "
08021," $40,000 "
08023," $40,000 "
08025," $40,000 "
08027," $40,000 "
08029," $40,000 "
08031," $40,000 "
08033," $40,000 "
08035," $40,000 "
08037," $40,000 "
08039," $40,000 "
08041," $40,000 "
08043," $40,000 "
08045," $40,000 "
08047," $40,000 "
08049," $40,000 "
08051," $40,000 "
08053," $40,000 "
08055," $40,000 "
08057," $40,000 "
08059," $40,000 "
08061," $40,000 "
08063," $40,000 "
08065," $40,000 "
08067," $40,000 "
08069," $40,000 "
08071," $40,000 "
08073," $40,000 "
08075," $40,000 "
08077," $40,000 "
08079," $40,000 "
08081," $40,000 "
08083," $40,000 "
08085," $40,000 "
08087," $40,000 "
08089," $40,000 "
08091," $40,000 "
08093," $40,000 "
08095," $40,000 "
08097," $40,000 "
08099," $40,000 "
08101," $40,000 "
08103," $40,000 "
08105," $40,000 "
08107," $40,000 "
08109," $40,000 "
08111," $40,000 "
08113," $40,000 "
08115," $40,000 "
08117," $40,000 "
08119," $40,000 "
08121," $40,000 "
08123," $40,000 "
08125," $40,000 "
09001," $40,000 "
09003," $40,000 "
09005," $40,000 "
09007," $40,000 "
09009," $40,000 "
09011," $40,000 "
09013," $40,000 "
09015," $40,000 "
10001," $40,000 "
10003," $40,000 "
10005," $40,000 "
11001," $40,000 "
12001," $40,000 "
12003," $40,000 "
12005," $40,000 "
12007," $40,000 "
12009," $40,000 "
12011," $40,000 "
12013," $40,000 "
12015," $40,000 "
12017," $40,000 "
12019," $40,000 "
12021," $40,000 "
12023," $40,000 "
12027," $40,000 "
12029," $40,000 "
12031," $40,000 "
12033," $40,000 "
12035," $40,000 "
12037," $40,000 "
12039," $40,000 "
12041," $40,000 "
12043," $40,000 "
12045," $40,000 "
12047," $40,000 "
12049," $40,000 "
12051," $40,000 "
12053," $40,000 "
12055," $40,000 "
12057," $40,000 "
12059," $40,000 "
12061," $40,000 "
12063," $40,000 "
12065," $40,000 "
12067," $40,000 "
12069," $40,000 "
12071," $40,000 "
12073," $40,000 "
12075," $40,000 "
12077," $40,000 "
12079," $40,000 "
12081," $40,000 "
12083," $40,000 "
12085," $40,000 "
12086," $40,000 "
12087," $40,000 "
12089," $40,000 "
12091," $40,000 "
12093," $40,000 "
12095," $40,000 "
12097," $40,000 "
12099," $40,000 "
12101," $40,000 "
12103," $40,000 "
12105," $40,000 "
12107," $40,000 "
12109," $40,000 "
12111," $40,000 "
12113," $40,000 "
12115," $40,000 "
12117," $40,000 "
12119," $40,000 "
12121," $40,000 "
12123," $40,000 "
12125," $40,000 "
12127," $40,000 "
12129," $40,000 "
12131," $40,000 "
12133," $40,000 "
13001," $40,000 "
13003," $40,000 "
13005," $40,000 "
13007," $40,000 "
13009," $40,000 "
13011," $40,000 "
13013," $40,000 "
13015," $40,000 "
13017," $40,000 "
13019," $40,000 "
13021," $40,000 "
13023," $40,000 "
13025," $40,000 "
13027," $40,000 "
13029," $40,000 "
13031," $40,000 "
13033," $40,000 "
13035," $40,000 "
13037," $40,000 "
13039," $40,000 "
13043," $40,000 "
13045," $40,000 "
13047," $40,000 "
13049," $40,000 "
13051," $40,000 "
13053," $40,000 "
13055," $40,000 "
13057," $40,000 "
13059," $40,000 "
13061," $40,000 "
13063," $40,000 "
13065," $40,000 "
13067," $40,000 "
13069," $40,000 "
13071," $40,000 "
13073," $40,000 "
13075," $40,000 "
13077," $40,000 "
13079," $40,000 "
13081," $40,000 "
13083," $40,000 "
13085," $40,000 "
13087," $40,000 "
13089," $40,000 "
13091," $40,000 "
13093," $40,000 "
13095," $40,000 "
13097," $40,000 "
13099," $40,000 "
13101," $40,000 "
13103," $40,000 "
13105," $40,000 "
13107," $40,000 "
13109," $40,000 "
13111," $40,000 "
13113," $40,000 "
13115," $40,000 "
13117," $40,000 "
13119," $40,000 "
13121," $40,000 "
13123," $40,000 "
13125," $40,000 "
13127," $40,000 "
13129," $40,000 "
13131," $40,000 "
13133," $40,000 "
13135," $40,000 "
13137," $40,000 "
13139," $40,000 "
13141," $40,000 "
13143," $40,000 "
13145," $40,000 "
13147," $40,000 "
13149," $40,000 "
13151," $40,000 "
13153," $40,000 "
13155," $40,000 "
13157," $40,000 "
13159," $40,000 "
13161," $40,000 "
13163," $40,000 "
13165," $40,000 "
13167," $40,000 "
13169," $40,000 "
13171," $40,000 "
13173," $40,000 "
13175," $40,000 "
13177," $40,000 "
13179," $40,000 "
13181," $40,000 "
13183," $40,000 "
13185," $40,000 "
13187," $40,000 "
13189," $40,000 "
13191," $40,000 "
13193," $40,000 "
13195," $40,000 "
13197," $40,000 "
13199," $40,000 "
13201," $40,000 "
13205," $40,000 "
13207," $40,000 "
13209," $40,000 "
13211," $40,000 "
13213," $40,000 "
13215," $40,000 "
13217," $40,000 "
13219," $40,000 "
13221," $40,000 "
13223," $40,000 "
13225," $40,000 "
13227," $40,000 "
13229," $40,000 "
13231," $40,000 "
13233," $40,000 "
13235," $40,000 "
13237," $40,000 "
13239," $40,000 "
13241," $40,000 "
13243," $40,000 "
13245," $40,000 "
13247," $40,000 "
13249," $40,000 "
13251," $40,000 "
13253," $40,000 "
13255," $40,000 "
13257," $40,000 "
13259," $40,000 "
13261," $40,000 "
13263," $40,000 "
13265," $40,000 "
13267," $40,000 "
13269," $40,000 "
13271," $40,000 "
13273," $40,000 "
13275," $40,000 "
13277," $40,000 "
13279," $40,000 "
13281," $40,000 "
13283," $40,000 "
13285," $40,000 "
13287," $40,000 "
13289," $40,000 "
13291," $40,000 "
13293," $40,000 "
13295," $40,000 "
13297," $40,000 "
13299," $40,000 "
13301," $40,000 "
13303," $40,000 "
13305," $40,000 "
13307," $40,000 "
13309," $40,000 "
13311," $40,000 "
13313," $40,000 "
13315," $40,000 "
13317," $40,000 "
13319," $40,000 "
13321," $40,000 "
15001," $40,000 "
15003," $40,000 "
15007," $40,000 "
15009," $40,000 "
16001," $40,000 "
16003," $40,000 "
16005," $40,000 "
16007," $40,000 "
16009," $40,000 "
16011," $40,000 "
16013," $40,000 "
16015," $40,000 "
16017," $40,000 "
16019," $40,000 "
16021," $40,000 "
16023," $40,000 "
16025," $40,000 "
16027," $40,000 "
16029," $40,000 "
16031," $40,000 "
16033," $40,000 "
16035," $40,000 "
16037," $40,000 "
16039," $40,000 "
16041," $40,000 "
16043," $40,000 "
16045," $40,000 "
16047," $40,000 "
16049," $40,000 "
16051," $40,000 "
16053," $40,000 "
16055," $40,000 "
16057," $40,000 "
16059," $40,000 "
16061," $40,000 "
16063," $40,000 "
16065," $40,000 "
16067," $40,000 "
16069," $40,000 "
16071," $40,000 "
16073," $40,000 "
16075," $40,000 "
16077," $40,000 "
16079," $40,000 "
16081," $40,000 "
16083," $40,000 "
16085," $40,000 "
16087," $40,000 "
17001," $40,000 "
17003," $40,000 "
17005," $40,000 "
17007," $40,000 "
17009," $40,000 "
17011," $40,000 "
17013," $40,000 "
17015," $40,000 "
17017," $40,000 "
17019," $40,000 "
17021," $40,000 "
17023," $40,000 "
17025," $40,000 "
17027," $40,000 "
17029," $40,000 "
17031," $40,000 "
17033," $40,000 "
17035," $40,000 "
17037," $40,000 "
17039," $40,000 "
17041," $40,000 "
17043," $40,000 "
17045," $40,000 "
17047," $40,000 "
17049," $40,000 "
17051," $40,000 "
17053," $40,000 "
17055," $40,000 "
17057," $40,000 "
17059," $40,000 "
17061," $40,000 "
17063," $40,000 "
17065," $40,000 "
17067," $40,000 "
17069," $40,000 "
17071," $40,000 "
17073," $40,000 "
17075," $40,000 "
17077," $40,000 "
17079," $40,000 "
17081," $40,000 "
17083," $40,000 "
17085," $40,000 "
17087," $40,000 "
17089," $40,000 "
17091," $40,000 "
17093," $40,000 "
17095," $40,000 "
17097," $40,000 "
17099," $40,000 "
17101," $40,000 "
17103," $40,000 "
17105," $40,000 "
17107," $40,000 "
17109," $40,000 "
17111," $40,000 "
17113," $40,000 "
17115," $40,000 "
17117," $40,000 "
17119," $40,000 "
17121," $40,000 "
17123," $40,000 "
17125," $40,000 "
17127," $40,000 "
17129," $40,000 "
17131," $40,000 "
17133," $40,000 "
17135," $40,000 "
17137," $40,000 "
17139," $40,000 "
17141," $40,000 "
17143," $40,000 "
17145," $40,000 "
17147," $40,000 "
17149," $40,000 "
17151," $40,000 "
17153," $40,000 "
17155," $40,000 "
17157," $40,000 "
17159," $40,000 "
17161," $40,000 "
17163," $40,000 "
17165," $40,000 "
17167," $40,000 "
17169," $40,000 "
17171," $40,000 "
17173," $40,000 "
17175," $40,000 "
17177," $40,000 "
17179," $40,000 "
17181," $40,000 "
17183," $40,000 "
17185," $40,000 "
17187," $40,000 "
17189," $40,000 "
17191," $40,000 "
17193," $40,000 "
17195," $40,000 "
17197," $40,000 "
17199," $40,000 "
17201," $40,000 "
17203," $40,000 "
18001," $40,000 "
18003," $40,000 "
18005," $40,000 "
18007," $40,000 "
18009," $40,000 "
18011," $40,000 "
18013," $40,000 "
18015," $40,000 "
18017," $40,000 "
18019," $40,000 "
18021," $40,000 "
18023," $40,000 "
18025," $40,000 "
18027," $40,000 "
18029," $40,000 "
18031," $40,000 "
18033," $40,000 "
18035," $40,000 "
18037," $40,000 "
18039," $40,000 "
18041," $40,000 "
18043," $40,000 "
18045," $40,000 "
18047," $40,000 "
18049," $40,000 "
18051," $40,000 "
18053," $40,000 "
18055," $40,000 "
18057," $40,000 "
18059," $40,000 "
18061," $40,000 "
18063," $40,000 "
18065," $40,000 "
18067," $40,000 "
18069," $40,000 "
18071," $40,000 "
18073," $40,000 "
18075," $40,000 "
18077," $40,000 "
18079," $40,000 "
18081," $40,000 "
18083," $40,000 "
18085," $40,000 "
18087," $40,000 "
18089," $40,000 "
18091," $40,000 "
18093," $40,000 "
18095," $40,000 "
18097," $40,000 "
18099," $40,000 "
18101," $40,000 "
18103," $40,000 "
18105," $40,000 "
18107," $40,000 "
18109," $40,000 "
18111," $40,000 "
18113," $40,000 "
18115," $40,000 "
18117," $40,000 "
18119," $40,000 "
18121," $40,000 "
18123," $40,000 "
18125," $40,000 "
18127," $40,000 "
18129," $40,000 "
18131," $40,000 "
18133," $40,000 "
18135," $40,000 "
18137," $40,000 "
18139," $40,000 "
18141," $40,000 "
18143," $40,000 "
18145," $40,000 "
18147," $40,000 "
18149," $40,000 "
18151," $40,000 "
18153," $40,000 "
18155," $40,000 "
18157," $40,000 "
18159," $40,000 "
18161," $40,000 "
18163," $40,000 "
18165," $40,000 "
18167," $40,000 "
18169," $40,000 "
18171," $40,000 "
18173," $40,000 "
18175," $40,000 "
18177," $40,000 "
18179," $40,000 "
18181," $40,000 "
18183," $40,000 "
19001," $40,000 "
19003," $40,000 "
19005," $40,000 "
19007," $40,000 "
19009," $40,000 "
19011," $40,000 "
19013," $40,000 "
19015," $40,000 "
19017," $40,000 "
19019," $40,000 "
19021," $40,000 "
19023," $40,000 "
19025," $40,000 "
19027," $40,000 "
19029," $40,000 "
19031," $40,000 "
19033," $40,000 "
19035," $40,000 "
19037," $40,000 "
19039," $40,000 "
19041," $40,000 "
19043," $40,000 "
19045," $40,000 "
19047," $40,000 "
19049," $40,000 "
19051," $40,000 "
19053," $40,000 "
19055," $40,000 "
19057," $40,000 "
19059," $40,000 "
19061," $40,000 "
19063," $40,000 "
19065," $40,000 "
19067," $40,000 "
19069," $40,000 "
19071," $40,000 "
19073," $40,000 "
19075," $40,000 "
19077," $40,000 "
19079," $40,000 "
19081," $40,000 "
19083," $40,000 "
19085," $40,000 "
19087," $40,000 "
19089," $40,000 "
19091," $40,000 "
19093," $40,000 "
19095," $40,000 "
19097," $40,000 "
19099," $40,000 "
19101," $40,000 "
19103," $40,000 "
19105," $40,000 "
19107," $40,000 "
19109," $40,000 "
19111," $40,000 "
19113," $40,000 "
19115," $40,000 "
19117," $40,000 "
19119," $40,000 "
19121," $40,000 "
19123," $40,000 "
19125," $40,000 "
19127," $40,000 "
19129," $40,000 "
19131," $40,000 "
19133," $40,000 "
19135," $40,000 "
19137," $40,000 "
19139," $40,000 "
19141," $40,000 "
19143," $40,000 "
19145," $40,000 "
19147," $40,000 "
19149," $40,000 "
19151," $40,000 "
19153," $40,000 "
19155," $40,000 "
19157," $40,000 "
19159," $40,000 "
19161," $40,000 "
19163," $40,000 "
19165," $40,000 "
19167," $40,000 "
19169," $40,000 "
19171," $40,000 "
19173," $40,000 "
19175," $40,000 "
19177," $40,000 "
19179," $40,000 "
19181," $40,000 "
19183," $40,000 "
19185," $40,000 "
19187," $40,000 "
19189," $40,000 "
19191," $40,000 "
19193," $40,000 "
19195," $40,000 "
19197," $40,000 "
20001," $40,000 "
20003," $40,000 "
20005," $40,000 "
20007," $40,000 "
20009," $40,000 "
20011," $40,000 "
20013," $40,000 "
20015," $40,000 "
20017," $40,000 "
20019," $40,000 "
20021," $40,000 "
20023," $40,000 "
20025," $40,000 "
20027," $40,000 "
20029," $40,000 "
20031," $40,000 "
20033," $40,000 "
20035," $40,000 "
20037," $40,000 "
20039," $40,000 "
20041," $40,000 "
20043," $40,000 "
20045," $40,000 "
20047," $40,000 "
20049," $40,000 "
20051," $40,000 "
20053," $40,000 "
20055," $40,000 "
20057," $40,000 "
20059," $40,000 "
20061," $40,000 "
20063," $40,000 "
20065," $40,000 "
20067," $40,000 "
20069," $40,000 "
20071," $40,000 "
20073," $40,000 "
20075," $40,000 "
20077," $40,000 "
20079," $40,000 "
20081," $40,000 "
20083," $40,000 "
20085," $40,000 "
20087," $40,000 "
20089," $40,000 "
20091," $40,000 "
20093," $40,000 "
20095," $40,000 "
20097," $40,000 "
20099," $40,000 "
20101," $40,000 "
20103," $40,000 "
20105," $40,000 "
20107," $40,000 "
20109," $40,000 "
20111," $40,000 "
20113," $40,000 "
20115," $40,000 "
20117," $40,000 "
20119," $40,000 "
20121," $40,000 "
20123," $40,000 "
20125," $40,000 "
20127," $40,000 "
20129," $40,000 "
20131," $40,000 "
20133," $40,000 "
20135," $40,000 "
20137," $40,000 "
20139," $40,000 "
20141," $40,000 "
20143," $40,000 "
20145," $40,000 "
20147," $40,000 "
20149," $40,000 "
20151," $40,000 "
20153," $40,000 "
20155," $40,000 "
20157," $40,000 "
20159," $40,000 "
20161," $40,000 "
20163," $40,000 "
20165," $40,000 "
20167," $40,000 "
20169," $40,000 "
20171," $40,000 "
20173," $40,000 "
20175," $40,000 "
20177," $40,000 "
20179," $40,000 "
20181," $40,000 "
20183," $40,000 "
20185," $40,000 "
20187," $40,000 "
20189," $40,000 "
20191," $40,000 "
20193," $40,000 "
20195," $40,000 "
20197," $40,000 "
20199," $40,000 "
20201," $40,000 "
20203," $40,000 "
20205," $40,000 "
20207," $40,000 "
20209," $40,000 "
21001," $40,000 "
21003," $40,000 "
21005," $40,000 "
21007," $40,000 "
21009," $40,000 "
21011," $40,000 "
21013," $40,000 "
21015," $40,000 "
21017," $40,000 "
21019," $40,000 "
21021," $40,000 "
21023," $40,000 "
21025," $40,000 "
21027," $40,000 "
21029," $40,000 "
21031," $40,000 "
21033," $40,000 "
21035," $40,000 "
21037," $40,000 "
21039," $40,000 "
21041," $40,000 "
21043," $40,000 "
21045," $40,000 "
21047," $40,000 "
21049," $40,000 "
21051," $40,000 "
21053," $40,000 "
21055," $40,000 "
21057," $40,000 "
21059," $40,000 "
21061," $40,000 "
21063," $40,000 "
21065," $40,000 "
21067," $40,000 "
21069," $40,000 "
21071," $40,000 "
21073," $40,000 "
21075," $40,000 "
21077," $40,000 "
21079," $40,000 "
21081," $40,000 "
21083," $40,000 "
21085," $40,000 "
21087," $40,000 "
21089," $40,000 "
21091," $40,000 "
21093," $40,000 "
21095," $40,000 "
21097," $40,000 "
21099," $40,000 "
21101," $40,000 "
21103," $40,000 "
21105," $40,000 "
21107," $40,000 "
21109," $40,000 "
21111," $40,000 "
21113," $40,000 "
21115," $40,000 "
21117," $40,000 "
21119," $40,000 "
21121," $40,000 "
21123," $40,000 "
21125," $40,000 "
21127," $40,000 "
21129," $40,000 "
21131," $40,000 "
21133," $40,000 "
21135," $40,000 "
21137," $40,000 "
21139," $40,000 "
21141," $40,000 "
21143," $40,000 "
21145," $40,000 "
21147," $40,000 "
21149," $40,000 "
21151," $40,000 "
21153," $40,000 "
21155," $40,000 "
21157," $40,000 "
21159," $40,000 "
21161," $40,000 "
21163," $40,000 "
21165," $40,000 "
21167," $40,000 "
21169," $40,000 "
21171," $40,000 "
21173," $40,000 "
21175," $40,000 "
21177," $40,000 "
21179," $40,000 "
21181," $40,000 "
21183," $40,000 "
21185," $40,000 "
21187," $40,000 "
21189," $40,000 "
21191," $40,000 "
21193," $40,000 "
21195," $40,000 "
21197," $40,000 "
21199," $40,000 "
21201," $40,000 "
21203," $40,000 "
21205," $40,000 "
21207," $40,000 "
21209," $40,000 "
21211," $40,000 "
21213," $40,000 "
21215," $40,000 "
21217," $40,000 "
21219," $40,000 "
21221," $40,000 "
21223," $40,000 "
21225," $40,000 "
21227," $40,000 "
21229," $40,000 "
21231," $40,000 "
21233," $40,000 "
21235," $40,000 "
21237," $40,000 "
21239," $40,000 "
22001," $40,000 "
22003," $40,000 "
22005," $40,000 "
22007," $40,000 "
22009," $40,000 "
22011," $40,000 "
22013," $40,000 "
22015," $40,000 "
22017," $40,000 "
22019," $40,000 "
22021," $40,000 "
22023," $40,000 "
22025," $40,000 "
22027," $40,000 "
22029," $40,000 "
22031," $40,000 "
22033," $40,000 "
22035," $40,000 "
22037," $40,000 "
22039," $40,000 "
22041," $40,000 "
22043," $40,000 "
22045," $40,000 "
22047," $40,000 "
22049," $40,000 "
22051," $40,000 "
22053," $40,000 "
22055," $40,000 "
22057," $40,000 "
22059," $40,000 "
22061," $40,000 "
22063," $40,000 "
22065," $40,000 "
22067," $40,000 "
22069," $40,000 "
22071," $40,000 "
22073," $40,000 "
22075," $40,000 "
22077," $40,000 "
22079," $40,000 "
22081," $40,000 "
22083," $40,000 "
22085," $40,000 "
22087," $40,000 "
22089," $40,000 "
22091," $40,000 "
22093," $40,000 "
22095," $40,000 "
22097," $40,000 "
22099," $40,000 "
22101," $40,000 "
22103," $40,000 "
22105," $40,000 "
22107," $40,000 "
22109," $40,000 "
22111," $40,000 "
22113," $40,000 "
22115," $40,000 "
22117," $40,000 "
22119," $40,000 "
22121," $40,000 "
22123," $40,000 "
22125," $40,000 "
22127," $40,000 "
23001," $40,000 "
23003," $40,000 "
23005," $40,000 "
23007," $40,000 "
23009," $40,000 "
23011," $40,000 "
23013," $40,000 "
23015," $40,000 "
23017," $40,000 "
23019," $40,000 "
23021," $40,000 "
23023," $40,000 "
23025," $40,000 "
23027," $40,000 "
23029," $40,000 "
23031," $40,000 "
24001," $40,000 "
24003," $40,000 "
24005," $40,000 "
24009," $40,000 "
24011," $40,000 "
24013," $40,000 "
24015," $40,000 "
24017," $40,000 "
24019," $40,000 "
24021," $40,000 "
24023," $40,000 "
24025," $40,000 "
24027," $40,000 "
24029," $40,000 "
24031," $40,000 "
24033," $40,000 "
24035," $40,000 "
24037," $40,000 "
24039," $40,000 "
24041," $40,000 "
24043," $40,000 "
24045," $40,000 "
24047," $40,000 "
24510," $40,000 "
25001," $40,000 "
25003," $40,000 "
25005," $40,000 "
25007," $40,000 "
25009," $40,000 "
25011," $40,000 "
25013," $40,000 "
25015," $40,000 "
25017," $40,000 "
25019," $40,000 "
25021," $40,000 "
25023," $40,000 "
25025," $40,000 "
25027," $40,000 "
26001," $40,000 "
26003," $40,000 "
26005," $40,000 "
26007," $40,000 "
26009," $40,000 "
26011," $40,000 "
26013," $40,000 "
26015," $40,000 "
26017," $40,000 "
26019," $40,000 "
26021," $40,000 "
26023," $40,000 "
26025," $40,000 "
26027," $40,000 "
26029," $40,000 "
26031," $40,000 "
26033," $40,000 "
26035," $40,000 "
26037," $40,000 "
26039," $40,000 "
26041," $40,000 "
26043," $40,000 "
26045," $40,000 "
26047," $40,000 "
26049," $40,000 "
26051," $40,000 "
26053," $40,000 "
26055," $40,000 "
26057," $40,000 "
26059," $40,000 "
26061," $40,000 "
26063," $40,000 "
26065," $40,000 "
26067," $40,000 "
26069," $40,000 "
26071," $40,000 "
26073," $40,000 "
26075," $40,000 "
26077," $40,000 "
26079," $40,000 "
26081," $40,000 "
26083," $40,000 "
26085," $40,000 "
26087," $40,000 "
26089," $40,000 "
26091," $40,000 "
26093," $40,000 "
26095," $40,000 "
26097," $40,000 "
26099," $40,000 "
26101," $40,000 "
26103," $40,000 "
26105," $40,000 "
26107," $40,000 "
26109," $40,000 "
26111," $40,000 "
26113," $40,000 "
26115," $40,000 "
26117," $40,000 "
26119," $40,000 "
26121," $40,000 "
26123," $40,000 "
26125," $40,000 "
26127," $40,000 "
26129," $40,000 "
26131," $40,000 "
26133," $40,000 "
26135," $40,000 "
26137," $40,000 "
26139," $40,000 "
26141," $40,000 "
26143," $40,000 "
26145," $40,000 "
26147," $40,000 "
26149," $40,000 "
26151," $40,000 "
26153," $40,000 "
26155," $40,000 "
26157," $40,000 "
26159," $40,000 "
26161," $40,000 "
26163," $40,000 "
26165," $40,000 "
27001," $40,000 "
27003," $40,000 "
27005," $40,000 "
27007," $40,000 "
27009," $40,000 "
27011," $40,000 "
27013," $40,000 "
27015," $40,000 "
27017," $40,000 "
27019," $40,000 "
27021," $40,000 "
27023," $40,000 "
27025," $40,000 "
27027," $40,000 "
27029," $40,000 "
27031," $40,000 "
27033," $40,000 "
27035," $40,000 "
27037," $40,000 "
27039," $40,000 "
27041," $40,000 "
27043," $40,000 "
27045," $40,000 "
27047," $40,000 "
27049," $40,000 "
27051," $40,000 "
27053," $40,000 "
27055," $40,000 "
27057," $40,000 "
27059," $40,000 "
27061," $40,000 "
27063," $40,000 "
27065," $40,000 "
27067," $40,000 "
27069," $40,000 "
27071," $40,000 "
27073," $40,000 "
27075," $40,000 "
27077," $40,000 "
27079," $40,000 "
27081," $40,000 "
27083," $40,000 "
27085," $40,000 "
27087," $40,000 "
27089," $40,000 "
27091," $40,000 "
27093," $40,000 "
27095," $40,000 "
27097," $40,000 "
27099," $40,000 "
27101," $40,000 "
27103," $40,000 "
27105," $40,000 "
27107," $40,000 "
27109," $40,000 "
27111," $40,000 "
27113," $40,000 "
27115," $40,000 "
27117," $40,000 "
27119," $40,000 "
27121," $40,000 "
27123," $40,000 "
27125," $40,000 "
27127," $40,000 "
27129," $40,000 "
27131," $40,000 "
27133," $40,000 "
27135," $40,000 "
27137," $40,000 "
27139," $40,000 "
27141," $40,000 "
27143," $40,000 "
27145," $40,000 "
27147," $40,000 "
27149," $40,000 "
27151," $40,000 "
27153," $40,000 "
27155," $40,000 "
27157," $40,000 "
27159," $40,000 "
27161," $40,000 "
27163," $40,000 "
27165," $40,000 "
27167," $40,000 "
27169," $40,000 "
27171," $40,000 "
27173," $40,000 "
28001," $40,000 "
28003," $40,000 "
28005," $40,000 "
28007," $40,000 "
28009," $40,000 "
28011," $40,000 "
28013," $40,000 "
28015," $40,000 "
28017," $40,000 "
28019," $40,000 "
28021," $40,000 "
28023," $40,000 "
28025," $40,000 "
28027," $40,000 "
28029," $40,000 "
28031," $40,000 "
28035," $40,000 "
28037," $40,000 "
28039," $40,000 "
28041," $40,000 "
28043," $40,000 "
28045," $40,000 "
28047," $40,000 "
28049," $40,000 "
28051," $40,000 "
28053," $40,000 "
28055," $40,000 "
28057," $40,000 "
28059," $40,000 "
28061," $40,000 "
28063," $40,000 "
28065," $40,000 "
28067," $40,000 "
28069," $40,000 "
28071," $40,000 "
28073," $40,000 "
28075," $40,000 "
28077," $40,000 "
28079," $40,000 "
28081," $40,000 "
28083," $40,000 "
28085," $40,000 "
28087," $40,000 "
28089," $40,000 "
28091," $40,000 "
28095," $40,000 "
28097," $40,000 "
28099," $40,000 "
28101," $40,000 "
28103," $40,000 "
28105," $40,000 "
28107," $40,000 "
28109," $40,000 "
28111," $40,000 "
28113," $40,000 "
28115," $40,000 "
28117," $40,000 "
28119," $40,000 "
28121," $40,000 "
28123," $40,000 "
28125," $40,000 "
28127," $40,000 "
28129," $40,000 "
28131," $40,000 "
28133," $40,000 "
28135," $40,000 "
28139," $40,000 "
28141," $40,000 "
28145," $40,000 "
28147," $40,000 "
28149," $40,000 "
28151," $40,000 "
28153," $40,000 "
28155," $40,000 "
28157," $40,000 "
28159," $40,000 "
28161," $40,000 "
28163," $40,000 "
29001," $40,000 "
29003," $40,000 "
29005," $40,000 "
29007," $40,000 "
29009," $40,000 "
29011," $40,000 "
29013," $40,000 "
29015," $40,000 "
29017," $40,000 "
29019," $40,000 "
29021," $40,000 "
29023," $40,000 "
29025," $40,000 "
29027," $40,000 "
29029," $40,000 "
29031," $40,000 "
29033," $40,000 "
29035," $40,000 "
29037," $40,000 "
29039," $40,000 "
29041," $40,000 "
29043," $40,000 "
29045," $40,000 "
29047," $40,000 "
29049," $40,000 "
29051," $40,000 "
29053," $40,000 "
29055," $40,000 "
29057," $40,000 "
29059," $40,000 "
29061," $40,000 "
29063," $40,000 "
29065," $40,000 "
29067," $40,000 "
29069," $40,000 "
29071," $40,000 "
29073," $40,000 "
29075," $40,000 "
29077," $40,000 "
29079," $40,000 "
29081," $40,000 "
29083," $40,000 "
29085," $40,000 "
29087," $40,000 "
29089," $40,000 "
29091," $40,000 "
29093," $40,000 "
29095," $40,000 "
29097," $40,000 "
29099," $40,000 "
29101," $40,000 "
29103," $40,000 "
29105," $40,000 "
29107," $40,000 "
29109," $40,000 "
29111," $40,000 "
29113," $40,000 "
29115," $40,000 "
29117," $40,000 "
29119," $40,000 "
29121," $40,000 "
29123," $40,000 "
29125," $40,000 "
29127," $40,000 "
29129," $40,000 "
29131," $40,000 "
29133," $40,000 "
29135," $40,000 "
29137," $40,000 "
29139," $40,000 "
29141," $40,000 "
29143," $40,000 "
29145," $40,000 "
29147," $40,000 "
29149," $40,000 "
29151," $40,000 "
29153," $40,000 "
29155," $40,000 "
29157," $40,000 "
29159," $40,000 "
29161," $40,000 "
29163," $40,000 "
29165," $40,000 "
29167," $40,000 "
29169," $40,000 "
29171," $40,000 "
29173," $40,000 "
29175," $40,000 "
29177," $40,000 "
29179," $40,000 "
29181," $40,000 "
29183," $40,000 "
29185," $40,000 "
29186," $40,000 "
29187," $40,000 "
29189," $40,000 "
29195," $40,000 "
29197," $40,000 "
29199," $40,000 "
29201," $40,000 "
29203," $40,000 "
29205," $40,000 "
29207," $40,000 "
29209," $40,000 "
29211," $40,000 "
29213," $40,000 "
29215," $40,000 "
29217," $40,000 "
29219," $40,000 "
29221," $40,000 "
29223," $40,000 "
29225," $40,000 "
29227," $40,000 "
29229," $40,000 "
29510," $40,000 "
30001," $40,000 "
30003," $40,000 "
30005," $40,000 "
30007," $40,000 "
30009," $40,000 "
30011," $40,000 "
30013," $40,000 "
30015," $40,000 "
30017," $40,000 "
30019," $40,000 "
30021," $40,000 "
30023," $40,000 "
30025," $40,000 "
30027," $40,000 "
30029," $40,000 "
30031," $40,000 "
30033," $40,000 "
30035," $40,000 "
30037," $40,000 "
30039," $40,000 "
30041," $40,000 "
30043," $40,000 "
30045," $40,000 "
30047," $40,000 "
30049," $40,000 "
30051," $40,000 "
30053," $40,000 "
30055," $40,000 "
30057," $40,000 "
30059," $40,000 "
30061," $40,000 "
30063," $40,000 "
30065," $40,000 "
30067," $40,000 "
30069," $40,000 "
30071," $40,000 "
30073," $40,000 "
30075," $40,000 "
30077," $40,000 "
30079," $40,000 "
30081," $40,000 "
30083," $40,000 "
30085," $40,000 "
30087," $40,000 "
30089," $40,000 "
30091," $40,000 "
30093," $40,000 "
30095," $40,000 "
30097," $40,000 "
30099," $40,000 "
30101," $40,000 "
30103," $40,000 "
30105," $40,000 "
30107," $40,000 "
30109," $40,000 "
30111," $40,000 "
31001," $40,000 "
31003," $40,000 "
31005," $40,000 "
31007," $40,000 "
31009," $40,000 "
31011," $40,000 "
31013," $40,000 "
31015," $40,000 "
31017," $40,000 "
31019," $40,000 "
31021," $40,000 "
31023," $40,000 "
31025," $40,000 "
31027," $40,000 "
31029," $40,000 "
31031," $40,000 "
31033," $40,000 "
31035," $40,000 "
31037," $40,000 "
31039," $40,000 "
31041," $40,000 "
31043," $40,000 "
31045," $40,000 "
31047," $40,000 "
31049," $40,000 "
31051," $40,000 "
31053," $40,000 "
31055," $40,000 "
31057," $40,000 "
31059," $40,000 "
31061," $40,000 "
31063," $40,000 "
31065," $40,000 "
31067," $40,000 "
31069," $40,000 "
31071," $40,000 "
31073," $40,000 "
31075," $40,000 "
31077," $40,000 "
31079," $40,000 "
31081," $40,000 "
31083," $40,000 "
31085," $40,000 "
31087," $40,000 "
31089," $40,000 "
31091," $40,000 "
31093," $40,000 "
31095," $40,000 "
31097," $40,000 "
31099," $40,000 "
31101," $40,000 "
31103," $40,000 "
31105," $40,000 "
31107," $40,000 "
31109," $40,000 "
31111," $40,000 "
31113," $40,000 "
31115," $40,000 "
31117," $40,000 "
31119," $40,000 "
31121," $40,000 "
31123," $40,000 "
31125," $40,000 "
31127," $40,000 "
31129," $40,000 "
31131," $40,000 "
31133," $40,000 "
31135," $40,000 "
31137," $40,000 "
31139," $40,000 "
31141," $40,000 "
31143," $40,000 "
31145," $40,000 "
31147," $40,000 "
31149," $40,000 "
31151," $40,000 "
31153," $40,000 "
31155," $40,000 "
31157," $40,000 "
31159," $40,000 "
31161," $40,000 "
31163," $40,000 "
31165," $40,000 "
31167," $40,000 "
31169," $40,000 "
31171," $40,000 "
31173," $40,000 "
31175," $40,000 "
31177," $40,000 "
31179," $40,000 "
31181," $40,000 "
31183," $40,000 "
31185," $40,000 "
32001," $40,000 "
32003," $40,000 "
32005," $40,000 "
32007," $40,000 "
32009," $40,000 "
32011," $40,000 "
32013," $40,000 "
32015," $40,000 "
32017," $40,000 "
32019," $40,000 "
32021," $40,000 "
32023," $40,000 "
32027," $40,000 "
32029," $40,000 "
32031," $40,000 "
32033," $40,000 "
32510," $40,000 "
33001," $40,000 "
33003," $40,000 "
33005," $40,000 "
33007," $40,000 "
33009," $40,000 "
33011," $40,000 "
33013," $40,000 "
33015," $40,000 "
33017," $40,000 "
33019," $40,000 "
34001," $40,000 "
34003," $40,000 "
34005," $40,000 "
34007," $40,000 "
34009," $40,000 "
34011," $40,000 "
34013," $40,000 "
34015," $40,000 "
34017," $40,000 "
34019," $40,000 "
34021," $40,000 "
34023," $40,000 "
34025," $40,000 "
34027," $40,000 "
34029," $40,000 "
34031," $40,000 "
34033," $40,000 "
34035," $40,000 "
34037," $40,000 "
34039," $40,000 "
34041," $40,000 "
35001," $40,000 "
35003," $40,000 "
35005," $40,000 "
35006," $40,000 "
35007," $40,000 "
35009," $40,000 "
35011," $40,000 "
35013," $40,000 "
35015," $40,000 "
35017," $40,000 "
35019," $40,000 "
35021," $40,000 "
35023," $40,000 "
35025," $40,000 "
35027," $40,000 "
35028," $40,000 "
35029," $40,000 "
35031," $40,000 "
35033," $40,000 "
35035," $40,000 "
35037," $40,000 "
35039," $40,000 "
35041," $40,000 "
35043," $40,000 "
35045," $40,000 "
35047," $40,000 "
35049," $40,000 "
35051," $40,000 "
35053," $40,000 "
35055," $40,000 "
35057," $40,000 "
35059," $40,000 "
35061," $40,000 "
36001," $40,000 "
36003," $40,000 "
36005," $40,000 "
36007," $40,000 "
36009," $40,000 "
36011," $40,000 "
36013," $40,000 "
36015," $40,000 "
36017," $40,000 "
36019," $40,000 "
36021," $40,000 "
36023," $40,000 "
36025," $40,000 "
36027," $40,000 "
36029," $40,000 "
36031," $40,000 "
36033," $40,000 "
36035," $40,000 "
36037," $40,000 "
36039," $40,000 "
36041," $40,000 "
36043," $40,000 "
36045," $40,000 "
36047," $40,000 "
36049," $40,000 "
36051," $40,000 "
36053," $40,000 "
36055," $40,000 "
36057," $40,000 "
36059," $40,000 "
36061," $40,000 "
36063," $40,000 "
36065," $40,000 "
36067," $40,000 "
36069," $40,000 "
36071," $40,000 "
36073," $40,000 "
36075," $40,000 "
36077," $40,000 "
36079," $40,000 "
36081," $40,000 "
36083," $40,000 "
36085," $40,000 "
36087," $40,000 "
36089," $40,000 "
36091," $40,000 "
36093," $40,000 "
36095," $40,000 "
36097," $40,000 "
36099," $40,000 "
36101," $40,000 "
36103," $40,000 "
36105," $40,000 "
36107," $40,000 "
36109," $40,000 "
36111," $40,000 "
36113," $40,000 "
36115," $40,000 "
36117," $40,000 "
36119," $40,000 "
36121," $40,000 "
36123," $40,000 "
37001," $40,000 "
37003," $40,000 "
37005," $40,000 "
37007," $40,000 "
37009," $40,000 "
37011," $40,000 "
37013," $40,000 "
37015," $40,000 "
37017," $40,000 "
37019," $40,000 "
37021," $40,000 "
37023," $40,000 "
37025," $40,000 "
37027," $40,000 "
37029," $40,000 "
37031," $40,000 "
37033," $40,000 "
37035," $40,000 "
37037," $40,000 "
37039," $40,000 "
37041," $40,000 "
37043," $40,000 "
37045," $40,000 "
37047," $40,000 "
37049," $40,000 "
37051," $40,000 "
37053," $40,000 "
37055," $40,000 "
37057," $40,000 "
37059," $40,000 "
37061," $40,000 "
37063," $40,000 "
37065," $40,000 "
37067," $40,000 "
37069," $40,000 "
37071," $40,000 "
37073," $40,000 "
37075," $40,000 "
37077," $40,000 "
37079," $40,000 "
37081," $40,000 "
37083," $40,000 "
37085," $40,000 "
37087," $40,000 "
37089," $40,000 "
37091," $40,000 "
37093," $40,000 "
37095," $40,000 "
37097," $40,000 "
37099," $40,000 "
37101," $40,000 "
37103," $40,000 "
37105," $40,000 "
37107," $40,000 "
37109," $40,000 "
37111," $40,000 "
37113," $40,000 "
37115," $40,000 "
37117," $40,000 "
37119," $40,000 "
37121," $40,000 "
37123," $40,000 "
37125," $40,000 "
37127," $40,000 "
37129," $40,000 "
37131," $40,000 "
37133," $40,000 "
37135," $40,000 "
37137," $40,000 "
37139," $40,000 "
37141," $40,000 "
37143," $40,000 "
37145," $40,000 "
37147," $40,000 "
37149," $40,000 "
37151," $40,000 "
37153," $40,000 "
37155," $40,000 "
37157," $40,000 "
37159," $40,000 "
37161," $40,000 "
37163," $40,000 "
37165," $40,000 "
37167," $40,000 "
37169," $40,000 "
37171," $40,000 "
37173," $40,000 "
37175," $40,000 "
37177," $40,000 "
37179," $40,000 "
37181," $40,000 "
37183," $40,000 "
37185," $40,000 "
37187," $40,000 "
37189," $40,000 "
37191," $40,000 "
37193," $40,000 "
37195," $40,000 "
37197," $40,000 "
37199," $40,000 "
38001," $40,000 "
38003," $40,000 "
38005," $40,000 "
38007," $40,000 "
38009," $40,000 "
38011," $40,000 "
38013," $40,000 "
38015," $40,000 "
38017," $40,000 "
38019," $40,000 "
38021," $40,000 "
38023," $40,000 "
38025," $40,000 "
38027," $40,000 "
38029," $40,000 "
38031," $40,000 "
38033," $40,000 "
38035," $40,000 "
38037," $40,000 "
38039," $40,000 "
38041," $40,000 "
38043," $40,000 "
38045," $40,000 "
38047," $40,000 "
38049," $40,000 "
38051," $40,000 "
38053," $40,000 "
38055," $40,000 "
38057," $40,000 "
38059," $40,000 "
38061," $40,000 "
38063," $40,000 "
38065," $40,000 "
38067," $40,000 "
38069," $40,000 "
38071," $40,000 "
38073," $40,000 "
38075," $40,000 "
38077," $40,000 "
38079," $40,000 "
38081," $40,000 "
38083," $40,000 "
38085," $40,000 "
38087," $40,000 "
38089," $40,000 "
38091," $40,000 "
38093," $40,000 "
38095," $40,000 "
38097," $40,000 "
38099," $40,000 "
38101," $40,000 "
38103," $40,000 "
38105," $40,000 "
39001," $40,000 "
39003," $40,000 "
39005," $40,000 "
39007," $40,000 "
39009," $40,000 "
39011," $40,000 "
39013," $40,000 "
39015," $40,000 "
39017," $40,000 "
39019," $40,000 "
39021," $40,000 "
39023," $40,000 "
39025," $40,000 "
39027," $40,000 "
39029," $40,000 "
39031," $40,000 "
39033," $40,000 "
39035," $40,000 "
39037," $40,000 "
39039," $40,000 "
39041," $40,000 "
39043," $40,000 "
39045," $40,000 "
39047," $40,000 "
39049," $40,000 "
39051," $40,000 "
39053," $40,000 "
39055," $40,000 "
39057," $40,000 "
39059," $40,000 "
39061," $40,000 "
39063," $40,000 "
39065," $40,000 "
39067," $40,000 "
39069," $40,000 "
39071," $40,000 "
39073," $40,000 "
39075," $40,000 "
39077," $40,000 "
39079," $40,000 "
39081," $40,000 "
39083," $40,000 "
39085," $40,000 "
39087," $40,000 "
39089," $40,000 "
39091," $40,000 "
39093," $40,000 "
39095," $40,000 "
39097," $40,000 "
39099," $40,000 "
39101," $40,000 "
39103," $40,000 "
39105," $40,000 "
39107," $40,000 "
39109," $40,000 "
39111," $40,000 "
39113," $40,000 "
39115," $40,000 "
39117," $40,000 "
39119," $40,000 "
39121," $40,000 "
39123," $40,000 "
39125," $40,000 "
39127," $40,000 "
39129," $40,000 "
39131," $40,000 "
39133," $40,000 "
39135," $40,000 "
39137," $40,000 "
39139," $40,000 "
39141," $40,000 "
39143," $40,000 "
39145," $40,000 "
39147," $40,000 "
39149," $40,000 "
39151," $40,000 "
39153," $40,000 "
39155," $40,000 "
39157," $40,000 "
39159," $40,000 "
39161," $40,000 "
39163," $40,000 "
39165," $40,000 "
39167," $40,000 "
39169," $40,000 "
39171," $40,000 "
39173," $40,000 "
39175," $40,000 "
40001," $40,000 "
40003," $40,000 "
40005," $40,000 "
40007," $40,000 "
40009," $40,000 "
40011," $40,000 "
40013," $40,000 "
40015," $40,000 "
40017," $40,000 "
40019," $40,000 "
40021," $40,000 "
40023," $40,000 "
40025," $40,000 "
40027," $40,000 "
40029," $40,000 "
40031," $40,000 "
40033," $40,000 "
40035," $40,000 "
40037," $40,000 "
40039," $40,000 "
40041," $40,000 "
40043," $40,000 "
40045," $40,000 "
40047," $40,000 "
40049," $40,000 "
40051," $40,000 "
40053," $40,000 "
40055," $40,000 "
40057," $40,000 "
40059," $40,000 "
40061," $40,000 "
40063," $40,000 "
40065," $40,000 "
40067," $40,000 "
40069," $40,000 "
40071," $40,000 "
40073," $40,000 "
40075," $40,000 "
40077," $40,000 "
40079," $40,000 "
40081," $40,000 "
40083," $40,000 "
40085," $40,000 "
40087," $40,000 "
40089," $40,000 "
40091," $40,000 "
40093," $40,000 "
40095," $40,000 "
40097," $40,000 "
40099," $40,000 "
40101," $40,000 "
40103," $40,000 "
40105," $40,000 "
40107," $40,000 "
40109," $40,000 "
40111," $40,000 "
40113," $40,000 "
40115," $40,000 "
40117," $40,000 "
40119," $40,000 "
40121," $40,000 "
40123," $40,000 "
40125," $40,000 "
40127," $40,000 "
40129," $40,000 "
40131," $40,000 "
40133," $40,000 "
40135," $40,000 "
40137," $40,000 "
40139," $40,000 "
40141," $40,000 "
40143," $40,000 "
40145," $40,000 "
40147," $40,000 "
40149," $40,000 "
40151," $40,000 "
40153," $40,000 "
41001," $40,000 "
41003," $40,000 "
41005," $40,000 "
41007," $40,000 "
41009," $40,000 "
41011," $40,000 "
41013," $40,000 "
41015," $40,000 "
41017," $40,000 "
41019," $40,000 "
41021," $40,000 "
41023," $40,000 "
41025," $40,000 "
41027," $40,000 "
41029," $40,000 "
41031," $40,000 "
41033," $40,000 "
41035," $40,000 "
41037," $40,000 "
41039," $40,000 "
41041," $40,000 "
41043," $40,000 "
41045," $40,000 "
41047," $40,000 "
41049," $40,000 "
41051," $40,000 "
41053," $40,000 "
41055," $40,000 "
41057," $40,000 "
41059," $40,000 "
41061," $40,000 "
41063," $40,000 "
41065," $40,000 "
41067," $40,000 "
41069," $40,000 "
41071," $40,000 "
42001," $40,000 "
42003," $40,000 "
42005," $40,000 "
42007," $40,000 "
42009," $40,000 "
42011," $40,000 "
42013," $40,000 "
42015," $40,000 "
42017," $40,000 "
42019," $40,000 "
42021," $40,000 "
42023," $40,000 "
42025," $40,000 "
42027," $40,000 "
42029," $40,000 "
42031," $40,000 "
42033," $40,000 "
42035," $40,000 "
42037," $40,000 "
42039," $40,000 "
42041," $40,000 "
42043," $40,000 "
42045," $40,000 "
42047," $40,000 "
42049," $40,000 "
42051," $40,000 "
42053," $40,000 "
42055," $40,000 "
42057," $40,000 "
42059," $40,000 "
42061," $40,000 "
42063," $40,000 "
42065," $40,000 "
42067," $40,000 "
42069," $40,000 "
42071," $40,000 "
42073," $40,000 "
42075," $40,000 "
42077," $40,000 "
42079," $40,000 "
42081," $40,000 "
42083," $40,000 "
42085," $40,000 "
42087," $40,000 "
42089," $40,000 "
42091," $40,000 "
42093," $40,000 "
42095," $40,000 "
42097," $40,000 "
42099," $40,000 "
42101," $40,000 "
42103," $40,000 "
42105," $40,000 "
42107," $40,000 "
42109," $40,000 "
42111," $40,000 "
42113," $40,000 "
42115," $40,000 "
42117," $40,000 "
42119," $40,000 "
42121," $40,000 "
42123," $40,000 "
42125," $40,000 "
42127," $40,000 "
42129," $40,000 "
42131," $40,000 "
42133," $40,000 "
44001," $40,000 "
44003," $40,000 "
44005," $40,000 "
44007," $40,000 "
44009," $40,000 "
45001," $40,000 "
45003," $40,000 "
45005," $40,000 "
45007," $40,000 "
45009," $40,000 "
45011," $40,000 "
45013," $40,000 "
45015," $40,000 "
45017," $40,000 "
45019," $40,000 "
45021," $40,000 "
45023," $40,000 "
45025," $40,000 "
45027," $40,000 "
45029," $40,000 "
45031," $40,000 "
45033," $40,000 "
45035," $40,000 "
45037," $40,000 "
45039," $40,000 "
45041," $40,000 "
45043," $40,000 "
45045," $40,000 "
45047," $40,000 "
45049," $40,000 "
45051," $40,000 "
45053," $40,000 "
45055," $40,000 "
45057," $40,000 "
45059," $40,000 "
45061," $40,000 "
45063," $40,000 "
45065," $40,000 "
45067," $40,000 "
45069," $40,000 "
45071," $40,000 "
45073," $40,000 "
45075," $40,000 "
45077," $40,000 "
45079," $40,000 "
45081," $40,000 "
45083," $40,000 "
45085," $40,000 "
45087," $40,000 "
45089," $40,000 "
45091," $40,000 "
46003," $40,000 "
46005," $40,000 "
46007," $40,000 "
46009," $40,000 "
46011," $40,000 "
46013," $40,000 "
46015," $40,000 "
46017," $40,000 "
46019," $40,000 "
46021," $40,000 "
46023," $40,000 "
46025," $40,000 "
46027," $40,000 "
46029," $40,000 "
46031," $40,000 "
46033," $40,000 "
46035," $40,000 "
46037," $40,000 "
46039," $40,000 "
46041," $40,000 "
46043," $40,000 "
46045," $40,000 "
46047," $40,000 "
46049," $40,000 "
46051," $40,000 "
46053," $40,000 "
46055," $40,000 "
46057," $40,000 "
46059," $40,000 "
46061," $40,000 "
46063," $40,000 "
46065," $40,000 "
46067," $40,000 "
46069," $40,000 "
46071," $40,000 "
46073," $40,000 "
46075," $40,000 "
46077," $40,000 "
46079," $40,000 "
46081," $40,000 "
46083," $40,000 "
46085," $40,000 "
46087," $40,000 "
46089," $40,000 "
46091," $40,000 "
46093," $40,000 "
46095," $40,000 "
46097," $40,000 "
46099," $40,000 "
46101," $40,000 "
46102," $40,000 "
46103," $40,000 "
46105," $40,000 "
46107," $40,000 "
46109," $40,000 "
46111," $40,000 "
46115," $40,000 "
46117," $40,000 "
46119," $40,000 "
46121," $40,000 "
46123," $40,000 "
46125," $40,000 "
46127," $40,000 "
46129," $40,000 "
46135," $40,000 "
46137," $40,000 "
47001," $40,000 "
47003," $40,000 "
47005," $40,000 "
47007," $40,000 "
47009," $40,000 "
47011," $40,000 "
47013," $40,000 "
47015," $40,000 "
47017," $40,000 "
47019," $40,000 "
47021," $40,000 "
47023," $40,000 "
47025," $40,000 "
47027," $40,000 "
47029," $40,000 "
47031," $40,000 "
47033," $40,000 "
47035," $40,000 "
47037," $40,000 "
47039," $40,000 "
47041," $40,000 "
47043," $40,000 "
47045," $40,000 "
47049," $40,000 "
47051," $40,000 "
47053," $40,000 "
47055," $40,000 "
47057," $40,000 "
47059," $40,000 "
47061," $40,000 "
47063," $40,000 "
47065," $40,000 "
47067," $40,000 "
47069," $40,000 "
47071," $40,000 "
47073," $40,000 "
47075," $40,000 "
47077," $40,000 "
47079," $40,000 "
47081," $40,000 "
47083," $40,000 "
47085," $40,000 "
47087," $40,000 "
47089," $40,000 "
47091," $40,000 "
47093," $40,000 "
47095," $40,000 "
47097," $40,000 "
47099," $40,000 "
47101," $40,000 "
47103," $40,000 "
47105," $40,000 "
47107," $40,000 "
47109," $40,000 "
47111," $40,000 "
47113," $40,000 "
47115," $40,000 "
47117," $40,000 "
47119," $40,000 "
47121," $40,000 "
47123," $40,000 "
47125," $40,000 "
47127," $40,000 "
47129," $40,000 "
47131," $40,000 "
47133," $40,000 "
47135," $40,000 "
47137," $40,000 "
47139," $40,000 "
47141," $40,000 "
47143," $40,000 "
47145," $40,000 "
47147," $40,000 "
47149," $40,000 "
47151," $40,000 "
47153," $40,000 "
47155," $40,000 "
47159," $40,000 "
47161," $40,000 "
47163," $40,000 "
47165," $40,000 "
47169," $40,000 "
47171," $40,000 "
47173," $40,000 "
47175," $40,000 "
47177," $40,000 "
47179," $40,000 "
47181," $40,000 "
47183," $40,000 "
47185," $40,000 "
47187," $40,000 "
47189," $40,000 "
48001," $40,000 "
48003," $40,000 "
48005," $40,000 "
48007," $40,000 "
48009," $40,000 "
48011," $40,000 "
48013," $40,000 "
48015," $40,000 "
48017," $40,000 "
48019," $40,000 "
48021," $40,000 "
48023," $40,000 "
48025," $40,000 "
48027," $40,000 "
48029," $40,000 "
48031," $40,000 "
48033," $40,000 "
48035," $40,000 "
48037," $40,000 "
48039," $40,000 "
48041," $40,000 "
48043," $40,000 "
48045," $40,000 "
48047," $40,000 "
48049," $40,000 "
48051," $40,000 "
48053," $40,000 "
48055," $40,000 "
48057," $40,000 "
48059," $40,000 "
48061," $40,000 "
48063," $40,000 "
48065," $40,000 "
48067," $40,000 "
48069," $40,000 "
48071," $40,000 "
48073," $40,000 "
48075," $40,000 "
48077," $40,000 "
48079," $40,000 "
48081," $40,000 "
48083," $40,000 "
48085," $40,000 "
48087," $40,000 "
48089," $40,000 "
48091," $40,000 "
48093," $40,000 "
48095," $40,000 "
48097," $40,000 "
48099," $40,000 "
48101," $40,000 "
48103," $40,000 "
48105," $40,000 "
48107," $40,000 "
48109," $40,000 "
48111," $40,000 "
48113," $40,000 "
48115," $40,000 "
48117," $40,000 "
48119," $40,000 "
48121," $40,000 "
48123," $40,000 "
48125," $40,000 "
48127," $40,000 "
48129," $40,000 "
48131," $40,000 "
48133," $40,000 "
48135," $40,000 "
48137," $40,000 "
48139," $40,000 "
48141," $40,000 "
48143," $40,000 "
48145," $40,000 "
48147," $40,000 "
48149," $40,000 "
48151," $40,000 "
48153," $40,000 "
48155," $40,000 "
48157," $40,000 "
48159," $40,000 "
48161," $40,000 "
48163," $40,000 "
48165," $40,000 "
48167," $40,000 "
48169," $40,000 "
48171," $40,000 "
48173," $40,000 "
48175," $40,000 "
48177," $40,000 "
48179," $40,000 "
48181," $40,000 "
48183," $40,000 "
48185," $40,000 "
48187," $40,000 "
48189," $40,000 "
48191," $40,000 "
48193," $40,000 "
48195," $40,000 "
48197," $40,000 "
48199," $40,000 "
48201," $40,000 "
48203," $40,000 "
48205," $40,000 "
48207," $40,000 "
48209," $40,000 "
48211," $40,000 "
48213," $40,000 "
48215," $40,000 "
48217," $40,000 "
48219," $40,000 "
48221," $40,000 "
48223," $40,000 "
48225," $40,000 "
48227," $40,000 "
48229," $40,000 "
48231," $40,000 "
48233," $40,000 "
48235," $40,000 "
48237," $40,000 "
48239," $40,000 "
48241," $40,000 "
48243," $40,000 "
48245," $40,000 "
48247," $40,000 "
48249," $40,000 "
48251," $40,000 "
48253," $40,000 "
48255," $40,000 "
48257," $40,000 "
48259," $40,000 "
48261," $40,000 "
48263," $40,000 "
48265," $40,000 "
48267," $40,000 "
48269," $40,000 "
48271," $40,000 "
48273," $40,000 "
48275," $40,000 "
48277," $40,000 "
48279," $40,000 "
48281," $40,000 "
48283," $40,000 "
48285," $40,000 "
48287," $40,000 "
48289," $40,000 "
48291," $40,000 "
48293," $40,000 "
48295," $40,000 "
48297," $40,000 "
48299," $40,000 "
48301," $40,000 "
48303," $40,000 "
48305," $40,000 "
48307," $40,000 "
48309," $40,000 "
48311," $40,000 "
48313," $40,000 "
48315," $40,000 "
48317," $40,000 "
48319," $40,000 "
48321," $40,000 "
48323," $40,000 "
48325," $40,000 "
48327," $40,000 "
48329," $40,000 "
48331," $40,000 "
48333," $40,000 "
48335," $40,000 "
48337," $40,000 "
48339," $40,000 "
48341," $40,000 "
48343," $40,000 "
48345," $40,000 "
48347," $40,000 "
48349," $40,000 "
48351," $40,000 "
48353," $40,000 "
48355," $40,000 "
48357," $40,000 "
48359," $40,000 "
48361," $40,000 "
48363," $40,000 "
48365," $40,000 "
48367," $40,000 "
48369," $40,000 "
48371," $40,000 "
48373," $40,000 "
48375," $40,000 "
48377," $40,000 "
48379," $40,000 "
48381," $40,000 "
48383," $40,000 "
48385," $40,000 "
48387," $40,000 "
48389," $40,000 "
48391," $40,000 "
48393," $40,000 "
48395," $40,000 "
48397," $40,000 "
48399," $40,000 "
48401," $40,000 "
48403," $40,000 "
48405," $40,000 "
48407," $40,000 "
48409," $40,000 "
48411," $40,000 "
48413," $40,000 "
48415," $40,000 "
48417," $40,000 "
48419," $40,000 "
48421," $40,000 "
48423," $40,000 "
48425," $40,000 "
48427," $40,000 "
48429," $40,000 "
48431," $40,000 "
48433," $40,000 "
48435," $40,000 "
48437," $40,000 "
48439," $40,000 "
48441," $40,000 "
48443," $40,000 "
48445," $40,000 "
48447," $40,000 "
48449," $40,000 "
48451," $40,000 "
48453," $40,000 "
48455," $40,000 "
48457," $40,000 "
48459," $40,000 "
48461," $40,000 "
48463," $40,000 "
48465," $40,000 "
48467," $40,000 "
48469," $40,000 "
48471," $40,000 "
48473," $40,000 "
48475," $40,000 "
48477," $40,000 "
48479," $40,000 "
48481," $40,000 "
48483," $40,000 "
48485," $40,000 "
48487," $40,000 "
48489," $40,000 "
48491," $40,000 "
48493," $40,000 "
48495," $40,000 "
48497," $40,000 "
48499," $40,000 "
48501," $40,000 "
48503," $40,000 "
48505," $40,000 "
48507," $40,000 "
49001," $40,000 "
49003," $40,000 "
49005," $40,000 "
49007," $40,000 "
49009," $40,000 "
49011," $40,000 "
49013," $40,000 "
49015," $40,000 "
49017," $40,000 "
49019," $40,000 "
49021," $40,000 "
49023," $40,000 "
49025," $40,000 "
49027," $40,000 "
49029," $40,000 "
49031," $40,000 "
49033," $40,000 "
49035," $40,000 "
49037," $40,000 "
49039," $40,000 "
49041," $40,000 "
49043," $40,000 "
49045," $40,000 "
49047," $40,000 "
49049," $40,000 "
49051," $40,000 "
49053," $40,000 "
49055," $40,000 "
49057," $40,000 "
50001," $40,000 "
50003," $40,000 "
50005," $40,000 "
50007," $40,000 "
50009," $40,000 "
50011," $40,000 "
50013," $40,000 "
50015," $40,000 "
50017," $40,000 "
50019," $40,000 "
50021," $40,000 "
50023," $40,000 "
50025," $40,000 "
50027," $40,000 "
51001," $40,000 "
51003," $40,000 "
51005," $40,000 "
51007," $40,000 "
51009," $40,000 "
51011," $40,000 "
51013," $40,000 "
51015," $40,000 "
51017," $40,000 "
51019," $40,000 "
51021," $40,000 "
51023," $40,000 "
51025," $40,000 "
51027," $40,000 "
51029," $40,000 "
51031," $40,000 "
51033," $40,000 "
51035," $40,000 "
51036," $40,000 "
51037," $40,000 "
51041," $40,000 "
51043," $40,000 "
51045," $40,000 "
51047," $40,000 "
51049," $40,000 "
51051," $40,000 "
51053," $40,000 "
51057," $40,000 "
51059," $40,000 "
51061," $40,000 "
51063," $40,000 "
51065," $40,000 "
51067," $40,000 "
51069," $40,000 "
51071," $40,000 "
51073," $40,000 "
51075," $40,000 "
51077," $40,000 "
51079," $40,000 "
51081," $40,000 "
51083," $40,000 "
51085," $40,000 "
51087," $40,000 "
51089," $40,000 "
51091," $40,000 "
51093," $40,000 "
51095," $40,000 "
51097," $40,000 "
51099," $40,000 "
51101," $40,000 "
51103," $40,000 "
51105," $40,000 "
51107," $40,000 "
51109," $40,000 "
51111," $40,000 "
51113," $40,000 "
51115," $40,000 "
51117," $40,000 "
51119," $40,000 "
51121," $40,000 "
51125," $40,000 "
51127," $40,000 "
51131," $40,000 "
51133," $40,000 "
51135," $40,000 "
51137," $40,000 "
51139," $40,000 "
51141," $40,000 "
51143," $40,000 "
51145," $40,000 "
51147," $40,000 "
51149," $40,000 "
51153," $40,000 "
51155," $40,000 "
51157," $40,000 "
51159," $40,000 "
51161," $40,000 "
51163," $40,000 "
51165," $40,000 "
51167," $40,000 "
51169," $40,000 "
51171," $40,000 "
51173," $40,000 "
51175," $40,000 "
51177," $40,000 "
51179," $40,000 "
51181," $40,000 "
51183," $40,000 "
51185," $40,000 "
51187," $40,000 "
51191," $40,000 "
51193," $40,000 "
51195," $40,000 "
51197," $40,000 "
51199," $40,000 "
51510," $40,000 "
51520," $40,000 "
51530," $40,000 "
51540," $40,000 "
51550," $40,000 "
51570," $40,000 "
51580," $40,000 "
51590," $40,000 "
51595," $40,000 "
51600," $40,000 "
51610," $40,000 "
51620," $40,000 "
51630," $40,000 "
51640," $40,000 "
51650," $40,000 "
51660," $40,000 "
51670," $40,000 "
51678," $40,000 "
51680," $40,000 "
51683," $40,000 "
51685," $40,000 "
51690," $40,000 "
51700," $40,000 "
51710," $40,000 "
51720," $40,000 "
51730," $40,000 "
51735," $40,000 "
51740," $40,000 "
51750," $40,000 "
51760," $40,000 "
51770," $40,000 "
51775," $40,000 "
51790," $40,000 "
51800," $40,000 "
51810," $40,000 "
51820," $40,000 "
51830," $40,000 "
51840," $40,000 "
53001," $40,000 "
53003," $40,000 "
53005," $40,000 "
53007," $40,000 "
53009," $40,000 "
53011," $40,000 "
53013," $40,000 "
53015," $40,000 "
53017," $40,000 "
53019," $40,000 "
53021," $40,000 "
53023," $40,000 "
53025," $40,000 "
53027," $40,000 "
53029," $40,000 "
53031," $40,000 "
53033," $40,000 "
53035," $40,000 "
53037," $40,000 "
53039," $40,000 "
53041," $40,000 "
53043," $40,000 "
53045," $40,000 "
53047," $40,000 "
53049," $40,000 "
53051," $40,000 "
53053," $40,000 "
53055," $40,000 "
53057," $40,000 "
53059," $40,000 "
53061," $40,000 "
53063," $40,000 "
53065," $40,000 "
53067," $40,000 "
53069," $40,000 "
53071," $40,000 "
53073," $40,000 "
53075," $40,000 "
53077," $40,000 "
54001," $40,000 "
54003," $40,000 "
54005," $40,000 "
54007," $40,000 "
54009," $40,000 "
54011," $40,000 "
54013," $40,000 "
54015," $40,000 "
54017," $40,000 "
54019," $40,000 "
54021," $40,000 "
54023," $40,000 "
54025," $40,000 "
54027," $40,000 "
54029," $40,000 "
54031," $40,000 "
54033," $40,000 "
54035," $40,000 "
54037," $40,000 "
54039," $40,000 "
54041," $40,000 "
54043," $40,000 "
54045," $40,000 "
54047," $40,000 "
54049," $40,000 "
54051," $40,000 "
54053," $40,000 "
54055," $40,000 "
54057," $40,000 "
54059," $40,000 "
54061," $40,000 "
54063," $40,000 "
54065," $40,000 "
54067," $40,000 "
54069," $40,000 "
54071," $40,000 "
54073," $40,000 "
54075," $40,000 "
54077," $40,000 "
54079," $40,000 "
54081," $40,000 "
54083," $40,000 "
54085," $40,000 "
54087," $40,000 "
54089," $40,000 "
54091," $40,000 "
54093," $40,000 "
54095," $40,000 "
54097," $40,000 "
54099," $40,000 "
54101," $40,000 "
54103," $40,000 "
54105," $40,000 "
54107," $40,000 "
54109," $40,000 "
55001," $40,000 "
55003," $40,000 "
55005," $40,000 "
55007," $40,000 "
55009," $40,000 "
55011," $40,000 "
55013," $40,000 "
55015," $40,000 "
55017," $40,000 "
55019," $40,000 "
55021," $40,000 "
55023," $40,000 "
55025," $40,000 "
55027," $40,000 "
55029," $40,000 "
55031," $40,000 "
55033," $40,000 "
55035," $40,000 "
55037," $40,000 "
55039," $40,000 "
55041," $40,000 "
55043," $40,000 "
55045," $40,000 "
55047," $40,000 "
55049," $40,000 "
55051," $40,000 "
55053," $40,000 "
55055," $40,000 "
55057," $40,000 "
55059," $40,000 "
55061," $40,000 "
55063," $40,000 "
55065," $40,000 "
55067," $40,000 "
55069," $40,000 "
55071," $40,000 "
55073," $40,000 "
55075," $40,000 "
55077," $40,000 "
55078," $40,000 "
55079," $40,000 "
55081," $40,000 "
55083," $40,000 "
55085," $40,000 "
55087," $40,000 "
55089," $40,000 "
55091," $40,000 "
55093," $40,000 "
55095," $40,000 "
55097," $40,000 "
55099," $40,000 "
55101," $40,000 "
55103," $40,000 "
55105," $40,000 "
55107," $40,000 "
55109," $40,000 "
55111," $40,000 "
55113," $40,000 "
55115," $40,000 "
55117," $40,000 "
55119," $40,000 "
55121," $40,000 "
55123," $40,000 "
55125," $40,000 "
55127," $40,000 "
55129," $40,000 "
55131," $40,000 "
55133," $40,000 "
55135," $40,000 "
55137," $40,000 "
55139," $40,000 "
55141," $40,000 "
56001," $40,000 "
56003," $40,000 "
56005," $40,000 "
56007," $40,000 "
56009," $40,000 "
56011," $40,000 "
56013," $40,000 "
56015," $40,000 "
56017," $40,000 "
56019," $40,000 "
56021," $40,000 "
56023," $40,000 "
56025," $40,000 "
56027," $40,000 "
56029," $40,000 "
56031," $40,000 "
56033," $40,000 "
56035," $40,000 "
56037," $40,000 "
56039," $40,000 "
56041," $40,000 "
56043," $40,000 "
56045," $40,000 "
72001," $40,000 "
72003," $40,000 "
72005," $40,000 "
72007," $40,000 "
72009," $40,000 "
72011," $40,000 "
72013," $40,000 "
72015," $40,000 "
72017," $40,000 "
72019," $40,000 "
72021," $40,000 "
72023," $40,000 "
72025," $40,000 "
72027," $40,000 "
72029," $40,000 "
72031," $40,000 "
72033," $40,000 "
72035," $40,000 "
72037," $40,000 "
72039," $40,000 "
72041," $40,000 "
72043," $40,000 "
72045," $40,000 "
72047," $40,000 "
72049," $40,000 "
72051," $40,000 "
72053," $40,000 "
72054," $40,000 "
72055," $40,000 "
72057," $40,000 "
72059," $40,000 "
72061," $40,000 "
72063," $40,000 "
72065," $40,000 "
72067," $40,000 "
72069," $40,000 "
72071," $40,000 "
72073," $40,000 "
72075," $40,000 "
72077," $40,000 "
72079," $40,000 "
72081," $40,000 "
72083," $40,000 "
72085," $40,000 "
72087," $40,000 "
72089," $40,000 "
72091," $40,000 "
72093," $40,000 "
72095," $40,000 "
72097," $40,000 "
72099," $40,000 "
72101," $40,000 "
72103," $40,000 "
72105," $40,000 "
72107," $40,000 "
72109," $40,000 "
72111," $40,000 "
72113," $40,000 "
72115," $40,000 "
72117," $40,000 "
72119," $40,000 "
72121," $40,000 "
72123," $40,000 "
72125," $40,000 "
72127," $40,000 "
72129," $40,000 "
72131," $40,000 "
72133," $40,000 "
72135," $40,000 "
72137," $40,000 "
72139," $40,000 "
72141," $40,000 "
72143," $40,000 "
72145," $40,000 "
72147," $40,000 "
72149," $40,000 "
72151," $40,000 "
72153," $40,000 "
